{"bboxes": [[91.2201156616211, 350.3475036621094, 823.1846923828125, 603.5689697265625]], "labels": [0], "scores": [0.9289939403533936]}